RE	Site	CutPos	seq	start_idx
BmeDI	C	4	TATG	580
FaiI	YATR	3	TATG	580
BmeDI	C	4	AAAGC	598
RlaI	VCW	3	AAAGC	598
BmeDI	C	2	TGAA	610
PsuGI	BBCGD	1	ACGGG	623
BscGI	CCCGT	1	ACGGG	623
RlaI	VCW	3	CCCCAT	637
RlaI	VCW	2	TCCT	659
BmeDI	C	5	GCCTT	664
RlaI	VCW	2	GCCTT	664
BmeDI	C	4	CTATT	670
RlaI	VCW	2	TACAC	690
BmeDI	C	2	AGCTC	776
AluBI	AGCT	3	AGCTC	776
CviJI	RGCY	3	AGCTC	776
CviKI_1	RGCY	3	AGCTC	776
SetI	ASST	5	AGCTC	776
AluI	AGCT	3	AGCTC	776
BmeDI	C	4	CAAT	835
BmeDI	C	4	AACG	840
RlaI	VCW	1	ACTA	852
RlaI	VCW	1	AGGG	871
Hpy99XIV_mut1	GGWCNA	1	GGTCAAT	877
BstC8I	GCNNGC	8	TCGTGCCAGC	885
Pfl8569I	GCNNGC	8	TCGTGCCAGC	885
Cac8I	GCNNGC	8	TCGTGCCAGC	885
Bsh1236I	CGCG	4	CCGCGGTCA	897
KspI	CCGCGG	5	CCGCGGTCA	897
Sfr303I	CCGCGG	5	CCGCGGTCA	897
DsaI	CCRYGG	2	CCGCGGTCA	897
NspBII	CMGCKG	4	CCGCGGTCA	897
AccII	CGCG	4	CCGCGGTCA	897
BstUI	CGCG	4	CCGCGGTCA	897
BseDI	CCNNGG	2	CCGCGGTCA	897
BsaJI	CCNNGG	2	CCGCGGTCA	897
SacII	CCGCGG	5	CCGCGGTCA	897
MspA1I	CMGCKG	4	CCGCGGTCA	897
BssECI	CCNNGG	2	CCGCGGTCA	897
BstDSI	CCRYGG	2	CCGCGGTCA	897
FnuDII	CGCG	4	CCGCGGTCA	897
SgrBI	CCGCGG	5	CCGCGGTCA	897
Cfr42I	CCGCGG	5	CCGCGGTCA	897
BstFNI	CGCG	4	CCGCGGTCA	897
EcoBLMcrX	RCSRC	5	CCGCGGTCA	897
BspFNI	CGCG	4	CCGCGGTCA	897
BtgI	CCRYGG	2	CCGCGGTCA	897
SelI	CGCG	2	CCGCGGTCA	897
SecI	CCNNGG	2	CCGCGGTCA	897
MvnI	CGCG	4	CCGCGGTCA	897
BmeDI	C	5	AATAG	923
BmeDI	C	3	GTGTTTTA	943
RlaI	VCW	2	GTGTTTTA	943
BmeDI	C	5	GCTAAA	972
RlaI	VCW	1	GCTAAA	972
PsuGI	BBCGD	1	ACGAA	1022
BmeDI	C	2	AGCTA	1056
AluBI	AGCT	3	AGCTA	1056
CviJI	RGCY	3	AGCTA	1056
CviKI_1	RGCY	3	AGCTA	1056
SetI	ASST	5	AGCTA	1056
AluI	AGCT	3	AGCTA	1056
RlaI	VCW	2	CTGGGATT	1070
BmeDI	C	4	CTAT	1088
RlaI	VCW	2	GCCTG	1202
BbuB31II	CGRKA	1	CGATAA	1216
MalI	GATC	6	CCCGATC	1224
Bsp143I	GATC	4	CCCGATC	1224
PsuGI	BBCGD	1	CCCGATC	1224
Kzo9I	GATC	4	CCCGATC	1224
Asi256I	GATC	5	CCCGATC	1224
BstMBI	GATC	4	CCCGATC	1224
CjeNV	CCYGA	1	CCCGATC	1224
DpnI	GATC	6	CCCGATC	1224
Sau3AI	GATC	4	CCCGATC	1224
NdeII	GATC	4	CCCGATC	1224
DpnII	GATC	4	CCCGATC	1224
BstKTI	GATC	7	CCCGATC	1224
MboI	GATC	4	CCCGATC	1224
BssMI	GATC	4	CCCGATC	1224
BmeDI	C	2	AGCC	1251
CviJI	RGCY	3	AGCC	1251
CviKI_1	RGCY	3	AGCC	1251
RlaI	VCW	1	AGCC	1251
FaiI	YATR	4	ATATACC	1256
BmeDI	C	4	CCCT	1278
RlaI	VCW	2	CCCT	1278
BmeDI	C	4	CAAA	1293
RlaI	VCW	3	AATGG	1357
BmeDI	C	5	TTTAGC	1424
RlaI	VCW	4	TTTAGC	1424
BmeDI	C	4	GTTG	1454
BmeDI	C	3	GCGT	1474
BmeDI	C	4	CACAC	1479
RlaI	VCW	2	CACAC	1479
PsuGI	BBCGD	1	CCCGT	1486
BscGI	CCCGT	1	CCCGT	1486
AgsI	TTSAA	4	TTCAAAGG	1509
RlaI	VCW	6	TTCAAAGG	1509
RlaI	VCW	1	ACAT	1565
Bse1I	ACTGG	11	GTGTACTGGAA	1574
MjaIV	GTNNAC	1	GTGTACTGGAA	1574
Csp6I	GTAC	4	GTGTACTGGAA	1574
BsrI	ACTGG	11	GTGTACTGGAA	1574
RsaI	GTAC	5	GTGTACTGGAA	1574
PabI	GTAC	6	GTGTACTGGAA	1574
Hpy166II	GTNNAC	4	GTGTACTGGAA	1574
Hpy8I	GTNNAC	4	GTGTACTGGAA	1574
BseNI	ACTGG	11	GTGTACTGGAA	1574
AfaI	GTAC	5	GTGTACTGGAA	1574
TatI	WGTACW	3	GTGTACTGGAA	1574
CviQI	GTAC	4	GTGTACTGGAA	1574
RsaNI	GTAC	4	GTGTACTGGAA	1574
BmeDI	C	3	AAGC	1621
RlaI	VCW	2	AAGC	1621
BmeDI	C	4	CCAC	1695
RlaI	VCW	1	CCAC	1695
BmeDI	C	4	CATTTAC	1726
VchE4II	RTAAAYG	1	CATTTAC	1726
Bbr57III	GTRAAYG	1	CATTTAC	1726
BmeDI	C	3	AAGTAT	1740
RlaI	VCW	2	AAGTAT	1740
Sse9I	AATT	2	AAATT	1755
MluCI	AATT	2	AAATT	1755
TasI	AATT	2	AAATT	1755
TspEI	AATT	2	AAATT	1755
BmeDI	C	4	ATAGA	1773
RlaI	VCW	1	GCAT	1851
CjeNV	CCYGA	1	CCCGAA	1903
BmeDI	C	2	AGAA	2031
BmeDI	C	4	CTTT	2046
BmeDI	C	4	CCTT	2136
RlaI	VCW	1	CCTT	2136
BspANI	GGCC	3	GGCC	2173
BmeDI	C	2	GGCC	2173
CviJI	RGCY	3	GGCC	2173
CviKI_1	RGCY	3	GGCC	2173
BsnI	GGCC	3	GGCC	2173
HaeIII	GGCC	3	GGCC	2173
BshFI	GGCC	3	GGCC	2173
BsuRI	GGCC	3	GGCC	2173
RlaI	VCW	1	CCTG	2340
BmeDI	C	4	CACA	2431
RlaI	VCW	2	CACA	2431
RlaI	VCW	1	AGGT	2452
BmeDI	C	5	AAAAG	2460
RlaI	VCW	1	AGGC	2535
BspANI	GGCC	4	CGGCC	2566
AoxI	GGCC	2	CGGCC	2566
CviJI	RGCY	4	CGGCC	2566
CviKI_1	RGCY	4	CGGCC	2566
BsnI	GGCC	4	CGGCC	2566
HaeIII	GGCC	4	CGGCC	2566
BshFI	GGCC	4	CGGCC	2566
BsuRI	GGCC	4	CGGCC	2566
BmeDI	C	2	AGAA	2720
MseI	TTAA	3	TTTAAT	2737
Tru9I	TTAA	3	TTTAAT	2737
Tru1I	TTAA	3	TTTAAT	2737
SaqAI	TTAA	3	TTTAAT	2737
CviRI	TGCA	3	TGCAA	2750
BmeDI	C	2	TGCAA	2750
HpyCH4V	TGCA	3	TGCAA	2750
CviRI	TGCA	4	CTGCATT	2794
HpyCH4V	TGCA	4	CTGCATT	2794
RlaI	VCW	4	GGTTGGGG	2810
BmeDI	C	3	TTGA	2907
Cco14983V	GGGTDA	3	AGTTACCCT	2922
MaeIII	GTNAC	2	AGTTACCCT	2922
BmeDI	C	2	GGATAAC	2933
Hpy99XIV	GGWTAA	1	GGATAAC	2933
RlaI	VCW	3	ATAGGG	2972
HpyAXVI_mut2	CRTCNA	4	ACCTCGATGTTGG	2984
PsuGI	BBCGD	3	ACCTCGATGTTGG	2984
SpnRII	TCGAG	3	ACCTCGATGTTGG	2984
SetI	ASST	5	ACCTCGATGTTGG	2984
Kor51II	RTCGAG	3	ACCTCGATGTTGG	2984
CdiI	CATCG	6	ACCTCGATGTTGG	2984
EsaBC3I	TCGA	6	ACCTCGATGTTGG	2984
EcoMVII	CANCATC	6	ACCTCGATGTTGG	2984
MnlI	CCTC	13	ACCTCGATGTTGG	2984
Hpy300XI	CCTYNA	2	ACCTCGATGTTGG	2984
TaqI	TCGA	5	ACCTCGATGTTGG	2984
BspACI	CCGC	2	CCGCTAT	3020
AciI	CCGC	2	CCGCTAT	3020
SsiI	CCGC	2	CCGCTAT	3020
RlaI	VCW	3	CCGCTAT	3020
AbaSI	C	4	AAAGGTTCGTTTG	3028
PsuGI	BBCGD	6	AAAGGTTCGTTTG	3028
SetI	ASST	7	AAAGGTTCGTTTG	3028
YkrI	C	4	AAAGGTTCGTTTG	3028
RlaI	VCW	3	AAAGGTTCGTTTG	3028
MseI	TTAA	6	ACGATTAAAGTC	3045
Tru9I	TTAA	6	ACGATTAAAGTC	3045
Tru1I	TTAA	6	ACGATTAAAGTC	3045
SaqAI	TTAA	6	ACGATTAAAGTC	3045
RlaI	VCW	9	ACGATTAAAGTC	3045
MalI	GATC	3	GATCTGAGTTCAGACC	3063
Sbo46I	TGAAC	8	GATCTGAGTTCAGACC	3063
Bau1417V	GTTCAG	8	GATCTGAGTTCAGACC	3063
ChaI	GATC	5	GATCTGAGTTCAGACC	3063
Asi256I	GATC	2	GATCTGAGTTCAGACC	3063
HpyF3I	CTNAG	5	GATCTGAGTTCAGACC	3063
DpnI	GATC	3	GATCTGAGTTCAGACC	3063
BstDEI	CTNAG	5	GATCTGAGTTCAGACC	3063
DdeI	CTNAG	5	GATCTGAGTTCAGACC	3063
BstKTI	GATC	4	GATCTGAGTTCAGACC	3063
RlaI	VCW	7	GATCTGAGTTCAGACC	3063
BmeDI	C	4	GTCG	3091
Lpl1004II	AGGRAG	1	CTCCCTGT	3117
BmeDI	C	4	CCTT	3164
RlaI	VCW	1	CCTT	3164
BmeDI	C	4	AATG	3176
RlaI	VCW	2	CAGG	3222
BmeDI	C	4	TTTGTT	3227
RlaI	VCW	3	TTTGTT	3227
MseI	TTAA	4	ACTTAAAAC	3262
BmeDI	C	5	ACTTAAAAC	3262
Tru9I	TTAA	4	ACTTAAAAC	3262
Tru1I	TTAA	4	ACTTAAAAC	3262
SaqAI	TTAA	4	ACTTAAAAC	3262
RlaI	VCW	1	ACTTAAAAC	3262
Sbo46I	TGAAC	3	AGGTTCAA	3282
SetI	ASST	5	AGGTTCAA	3282
AgsI	TTSAA	7	AGGTTCAA	3282
RlaI	VCW	1	AGGTTCAA	3282
MseI	TTAA	6	CTTCTTAACA	3295
Tru9I	TTAA	6	CTTCTTAACA	3295
Tru1I	TTAA	6	CTTCTTAACA	3295
SaqAI	TTAA	6	CTTCTTAACA	3295
RlaI	VCW	8	CTTCTTAACA	3295
BmeDI	C	4	TATG	3560
FaiI	YATR	3	TATG	3560
RlaI	VCW	1	ACTTTGAT	4287
RlaI	VCW	2	TCCT	4396
Pba2294I	GTAAG	2	AGTAAG	4402
RlaI	VCW	1	AGTAAG	4402
BspANI	GGCC	12	AAGCTATCGGGCCCAT	4419
BmiI	GGNNCC	12	AAGCTATCGGGCCCAT	4419
MhlI	GDGCHC	14	AAGCTATCGGGCCCAT	4419
Eco24I	GRGCYC	14	AAGCTATCGGGCCCAT	4419
AoxI	GGCC	10	AAGCTATCGGGCCCAT	4419
EcoT38I	GRGCYC	14	AAGCTATCGGGCCCAT	4419
Bsp1286I	GDGCHC	14	AAGCTATCGGGCCCAT	4419
PsuGI	BBCGD	7	AAGCTATCGGGCCCAT	4419
BanII	GRGCYC	14	AAGCTATCGGGCCCAT	4419
BseSI	GKGCMC	14	AAGCTATCGGGCCCAT	4419
HgiJII	GRGCYC	14	AAGCTATCGGGCCCAT	4419
AluBI	AGCT	4	AAGCTATCGGGCCCAT	4419
Bsp120I	GGGCCC	10	AAGCTATCGGGCCCAT	4419
BaeGI	GKGCMC	14	AAGCTATCGGGCCCAT	4419
CjeNV	CCYGA	7	AAGCTATCGGGCCCAT	4419
BsnI	GGCC	12	AAGCTATCGGGCCCAT	4419
BspLI	GGNNCC	12	AAGCTATCGGGCCCAT	4419
BstSLI	GKGCMC	14	AAGCTATCGGGCCCAT	4419
SetI	ASST	6	AAGCTATCGGGCCCAT	4419
AluI	AGCT	4	AAGCTATCGGGCCCAT	4419
ApaI	GGGCCC	14	AAGCTATCGGGCCCAT	4419
Rsp008V	GCCCAT	11	AAGCTATCGGGCCCAT	4419
PspN4I	GGNNCC	12	AAGCTATCGGGCCCAT	4419
HaeIII	GGCC	12	AAGCTATCGGGCCCAT	4419
BshFI	GGCC	12	AAGCTATCGGGCCCAT	4419
BmgI	GKGCCC	9	AAGCTATCGGGCCCAT	4419
NlaIV	GGNNCC	12	AAGCTATCGGGCCCAT	4419
FriOI	GRGCYC	14	AAGCTATCGGGCCCAT	4419
SduI	GDGCHC	14	AAGCTATCGGGCCCAT	4419
PspOMI	GGGCCC	10	AAGCTATCGGGCCCAT	4419
BbuB31II	CGRKA	5	AAGCTATCGGGCCCAT	4419
BsuRI	GGCC	12	AAGCTATCGGGCCCAT	4419
CjeNV	CCYGA	2	CCCCGAAAAT	4436
Sth132I	CCCG	10	CCCCGAAAAT	4436
BmeDI	C	4	CCTT	4457
RlaI	VCW	1	CCTT	4457
AseI	ATTAAT	3	ATTAAT	4470
MseI	TTAA	3	ATTAAT	4470
PshBI	ATTAAT	3	ATTAAT	4470
Tru9I	TTAA	3	ATTAAT	4470
VspI	ATTAAT	3	ATTAAT	4470
Tru1I	TTAA	3	ATTAAT	4470
SaqAI	TTAA	3	ATTAAT	4470
BmeDI	C	4	CTCA	4521
BmeDI	C	4	TAAG	4534
RlaI	VCW	2	CACTG	4542
BspANI	GGCC	3	GGCCTA	4563
CviJI	RGCY	3	GGCCTA	4563
CviKI_1	RGCY	3	GGCCTA	4563
BsnI	GGCC	3	GGCCTA	4563
HaeIII	GGCC	3	GGCCTA	4563
BshFI	GGCC	3	GGCCTA	4563
Hpy99XIII	GCCTA	2	GGCCTA	4563
BsuRI	GGCC	3	GGCCTA	4563
RlaI	VCW	3	GGCCTA	4563
MseI	TTAA	2	TTAA	5523
Tru9I	TTAA	2	TTAA	5523
Tru1I	TTAA	2	TTAA	5523
SaqAI	TTAA	2	TTAA	5523
BmeDI	C	3	AAGCCC	5547
CviJI	RGCY	4	AAGCCC	5547
CviKI_1	RGCY	4	AAGCCC	5547
RlaI	VCW	2	AAGCCC	5547
BmeDI	C	4	TCTG	5576
BmeDI	C	4	AACGC	5620
BmeDI	C	4	CTTT	5635
RlaI	VCW	1	TGGG	5666
RlaI	VCW	2	CCCTA	5706
BmeDI	C	2	GGTAAAAA	5827
RlaI	VCW	2	CTGTC	5847
BmeDI	C	4	AATGCTT	5868
RlaI	VCW	1	CCATTTT	5882
BmeDI	C	3	ATGTTC	5904
RlaI	VCW	2	ATGTTC	5904
BmeDI	C	4	AAAGA	5940
RlaI	VCW	2	TTGG	5947
RlaI	VCW	3	TACCA	6438
BmeDI	C	2	TGATT	6609
BmeDI	C	3	TAGA	6991
BmeDI	C	4	CACTA	7035
RlaI	VCW	2	CACTA	7035
RlaI	VCW	2	CACTG	7086
BmeDI	C	4	CAAAAA	7446
RlaI	VCW	1	TGGT	7477
BmeDI	C	3	AAGA	7638
BmeDI	C	4	CTTTCA	7651
HpyUM032XIV	GAAAG	1	CTTTCA	7651
BmeDI	C	5	TCAAT	7880
BmeDI	C	4	ACTG	7899
RlaI	VCW	1	ACTG	7899
BmeDI	C	4	TAAG	8325
BmeDI	C	5	ACACT	9169
BmeDI	C	4	AATG	9206
BmeDI	C	4	TTTG	10035
BmeDI	C	4	CTCAA	10137
BmeDI	C	4	CAAAC	10296
BmeDI	C	4	GAAG	10569
BmeDI	C	4	CCCT	10612
RlaI	VCW	2	CCCT	10612
BmeDI	C	4	CTAAT	11102
BmeDI	C	2	AGCT	11681
AluBI	AGCT	3	AGCT	11681
CviJI	RGCY	3	AGCT	11681
CviKI_1	RGCY	3	AGCT	11681
AluI	AGCT	3	AGCT	11681
BmeDI	C	4	CAAAAC	12154
BmeDI	C	4	ACCG	12204
BmeDI	C	3	AAGA	12219
RlaI	VCW	2	TTGG	12313
RlaI	VCW	3	CTCCAAATA	12322
BmeDI	C	2	AGTA	12333
RlaI	VCW	1	AGTA	12333
AgsI	TTSAA	4	TTCAA	12688
NhoI	GCWGC	1	GCAGC	12835
BlsI	GCNGC	4	GCAGC	12835
PkrI	GCNGC	4	GCAGC	12835
Fsp4HI	GCNGC	3	GCAGC	12835
TseI	GCWGC	2	GCAGC	12835
SatI	GCNGC	3	GCAGC	12835
ApeKI	GCWGC	2	GCAGC	12835
BisI	GCNGC	3	GCAGC	12835
Fnu4HI	GCNGC	3	GCAGC	12835
GluI	GCNGC	3	GCAGC	12835
BthCI	GCNGC	5	GCAGC	12835
BmeDI	C	4	CTCAA	13423
PsuGI	BBCGD	2	AACGCCTG	13549
RlaI	VCW	5	AACGCCTG	13549
BmeDI	C	5	GCCCT	13558
RlaI	VCW	3	GCCCT	13558
RlaI	VCW	3	GACCT	13843
MaeI	CTAG	2	CTAGA	14008
FspBI	CTAG	2	CTAGA	14008
BfaI	CTAG	2	CTAGA	14008
XspI	CTAG	2	CTAGA	14008
SspMI	CTAG	2	CTAGA	14008
BmeDI	C	4	CAAC	14478
BmeDI	C	4	TTAG	14609
RlaI	VCW	1	ACTA	14636
BbuB31II	CGRKA	2	TTCTCG	14676
BmeDI	C	4	CTAC	14733
